metric,value,p_value
pearson_r,0.11812920024091879,0.03326598631176277
spearman_rho,0.1088811983290511,0.04986095286834429
Q75_activity_norm,0.5836182579999416,
Q75_local_sensitivity,0.27012310314307414,
cliff_norm_Q75,0.25536621640776097,
cliff_norm_Q90,0.36285620775781524,
