key,value
cliff_norm_Q75,0.25536621640819074
cliff_norm_Q90,0.36285620775842586
